{"cameraMode":{"drawMode":0,"name":"Shaded","section":"Shading Mode"},"sceneLighting":false,"audioPlay":false,"sceneViewState":{"showFog":true,"showMaterialUpdate":true,"showSkybox":true,"showFlares":true,"showImageEffects":true,"showParticleSystems":true},"in2DMode":false,"pivot":{"x":229.0749969482422,"y":428.8000183105469,"z":0.0},"rotation":{"x":0.007499652914702892,"y":0.008999629877507687,"z":-0.00006749798194505274,"w":0.999931812286377},"size":828.6449584960938,"orthographic":true}